--
-- PostgreSQL database dump
--

-- Dumped from database version 14.13 (Debian 14.13-1.pgdg120+1)
-- Dumped by pg_dump version 14.13 (Debian 14.13-1.pgdg120+1)

SET statement_timeout = 0;
SET lock_timeout = 0;
SET idle_in_transaction_session_timeout = 0;
SET client_encoding = 'UTF8';
SET standard_conforming_strings = on;
SELECT pg_catalog.set_config('search_path', '', false);
SET check_function_bodies = false;
SET xmloption = content;
SET client_min_messages = warning;
SET row_security = off;

SET default_tablespace = '';

SET default_table_access_method = heap;

--
-- Name: auth_group; Type: TABLE; Schema: public; Owner: postgres
--

CREATE TABLE public.auth_group (
    id integer NOT NULL,
    name character varying(150) NOT NULL
);


ALTER TABLE public.auth_group OWNER TO postgres;

--
-- Name: auth_group_id_seq; Type: SEQUENCE; Schema: public; Owner: postgres
--

ALTER TABLE public.auth_group ALTER COLUMN id ADD GENERATED BY DEFAULT AS IDENTITY (
    SEQUENCE NAME public.auth_group_id_seq
    START WITH 1
    INCREMENT BY 1
    NO MINVALUE
    NO MAXVALUE
    CACHE 1
);


--
-- Name: auth_group_permissions; Type: TABLE; Schema: public; Owner: postgres
--

CREATE TABLE public.auth_group_permissions (
    id bigint NOT NULL,
    group_id integer NOT NULL,
    permission_id integer NOT NULL
);


ALTER TABLE public.auth_group_permissions OWNER TO postgres;

--
-- Name: auth_group_permissions_id_seq; Type: SEQUENCE; Schema: public; Owner: postgres
--

ALTER TABLE public.auth_group_permissions ALTER COLUMN id ADD GENERATED BY DEFAULT AS IDENTITY (
    SEQUENCE NAME public.auth_group_permissions_id_seq
    START WITH 1
    INCREMENT BY 1
    NO MINVALUE
    NO MAXVALUE
    CACHE 1
);


--
-- Name: auth_permission; Type: TABLE; Schema: public; Owner: postgres
--

CREATE TABLE public.auth_permission (
    id integer NOT NULL,
    name character varying(255) NOT NULL,
    content_type_id integer NOT NULL,
    codename character varying(100) NOT NULL
);


ALTER TABLE public.auth_permission OWNER TO postgres;

--
-- Name: auth_permission_id_seq; Type: SEQUENCE; Schema: public; Owner: postgres
--

ALTER TABLE public.auth_permission ALTER COLUMN id ADD GENERATED BY DEFAULT AS IDENTITY (
    SEQUENCE NAME public.auth_permission_id_seq
    START WITH 1
    INCREMENT BY 1
    NO MINVALUE
    NO MAXVALUE
    CACHE 1
);


--
-- Name: blocks; Type: TABLE; Schema: public; Owner: postgres
--

CREATE TABLE public.blocks (
    id uuid NOT NULL,
    created_at timestamp with time zone NOT NULL,
    updated_at timestamp with time zone NOT NULL,
    number integer NOT NULL,
    best_block_time timestamp with time zone,
    currency_id uuid NOT NULL,
    provider_id uuid NOT NULL,
    CONSTRAINT blocks_number_check CHECK ((number >= 0))
);


ALTER TABLE public.blocks OWNER TO postgres;

--
-- Name: currencies; Type: TABLE; Schema: public; Owner: postgres
--

CREATE TABLE public.currencies (
    id uuid NOT NULL,
    created_at timestamp with time zone NOT NULL,
    updated_at timestamp with time zone NOT NULL,
    name character varying(255) NOT NULL
);


ALTER TABLE public.currencies OWNER TO postgres;

--
-- Name: django_admin_log; Type: TABLE; Schema: public; Owner: postgres
--

CREATE TABLE public.django_admin_log (
    id integer NOT NULL,
    action_time timestamp with time zone NOT NULL,
    object_id text,
    object_repr character varying(200) NOT NULL,
    action_flag smallint NOT NULL,
    change_message text NOT NULL,
    content_type_id integer,
    user_id uuid NOT NULL,
    CONSTRAINT django_admin_log_action_flag_check CHECK ((action_flag >= 0))
);


ALTER TABLE public.django_admin_log OWNER TO postgres;

--
-- Name: django_admin_log_id_seq; Type: SEQUENCE; Schema: public; Owner: postgres
--

ALTER TABLE public.django_admin_log ALTER COLUMN id ADD GENERATED BY DEFAULT AS IDENTITY (
    SEQUENCE NAME public.django_admin_log_id_seq
    START WITH 1
    INCREMENT BY 1
    NO MINVALUE
    NO MAXVALUE
    CACHE 1
);


--
-- Name: django_content_type; Type: TABLE; Schema: public; Owner: postgres
--

CREATE TABLE public.django_content_type (
    id integer NOT NULL,
    app_label character varying(100) NOT NULL,
    model character varying(100) NOT NULL
);


ALTER TABLE public.django_content_type OWNER TO postgres;

--
-- Name: django_content_type_id_seq; Type: SEQUENCE; Schema: public; Owner: postgres
--

ALTER TABLE public.django_content_type ALTER COLUMN id ADD GENERATED BY DEFAULT AS IDENTITY (
    SEQUENCE NAME public.django_content_type_id_seq
    START WITH 1
    INCREMENT BY 1
    NO MINVALUE
    NO MAXVALUE
    CACHE 1
);


--
-- Name: django_migrations; Type: TABLE; Schema: public; Owner: postgres
--

CREATE TABLE public.django_migrations (
    id bigint NOT NULL,
    app character varying(255) NOT NULL,
    name character varying(255) NOT NULL,
    applied timestamp with time zone NOT NULL
);


ALTER TABLE public.django_migrations OWNER TO postgres;

--
-- Name: django_migrations_id_seq; Type: SEQUENCE; Schema: public; Owner: postgres
--

ALTER TABLE public.django_migrations ALTER COLUMN id ADD GENERATED BY DEFAULT AS IDENTITY (
    SEQUENCE NAME public.django_migrations_id_seq
    START WITH 1
    INCREMENT BY 1
    NO MINVALUE
    NO MAXVALUE
    CACHE 1
);


--
-- Name: django_session; Type: TABLE; Schema: public; Owner: postgres
--

CREATE TABLE public.django_session (
    session_key character varying(40) NOT NULL,
    session_data text NOT NULL,
    expire_date timestamp with time zone NOT NULL
);


ALTER TABLE public.django_session OWNER TO postgres;

--
-- Name: providers; Type: TABLE; Schema: public; Owner: postgres
--

CREATE TABLE public.providers (
    id uuid NOT NULL,
    created_at timestamp with time zone NOT NULL,
    updated_at timestamp with time zone NOT NULL,
    name character varying(255) NOT NULL
);


ALTER TABLE public.providers OWNER TO postgres;

--
-- Name: users; Type: TABLE; Schema: public; Owner: postgres
--

CREATE TABLE public.users (
    password character varying(128) NOT NULL,
    last_login timestamp with time zone,
    is_superuser boolean NOT NULL,
    username character varying(150) NOT NULL,
    first_name character varying(150) NOT NULL,
    last_name character varying(150) NOT NULL,
    email character varying(254) NOT NULL,
    is_staff boolean NOT NULL,
    is_active boolean NOT NULL,
    date_joined timestamp with time zone NOT NULL,
    id uuid NOT NULL,
    created_at timestamp with time zone NOT NULL,
    updated_at timestamp with time zone NOT NULL
);


ALTER TABLE public.users OWNER TO postgres;

--
-- Name: users_groups; Type: TABLE; Schema: public; Owner: postgres
--

CREATE TABLE public.users_groups (
    id bigint NOT NULL,
    user_id uuid NOT NULL,
    group_id integer NOT NULL
);


ALTER TABLE public.users_groups OWNER TO postgres;

--
-- Name: users_groups_id_seq; Type: SEQUENCE; Schema: public; Owner: postgres
--

ALTER TABLE public.users_groups ALTER COLUMN id ADD GENERATED BY DEFAULT AS IDENTITY (
    SEQUENCE NAME public.users_groups_id_seq
    START WITH 1
    INCREMENT BY 1
    NO MINVALUE
    NO MAXVALUE
    CACHE 1
);


--
-- Name: users_user_permissions; Type: TABLE; Schema: public; Owner: postgres
--

CREATE TABLE public.users_user_permissions (
    id bigint NOT NULL,
    user_id uuid NOT NULL,
    permission_id integer NOT NULL
);


ALTER TABLE public.users_user_permissions OWNER TO postgres;

--
-- Name: users_user_permissions_id_seq; Type: SEQUENCE; Schema: public; Owner: postgres
--

ALTER TABLE public.users_user_permissions ALTER COLUMN id ADD GENERATED BY DEFAULT AS IDENTITY (
    SEQUENCE NAME public.users_user_permissions_id_seq
    START WITH 1
    INCREMENT BY 1
    NO MINVALUE
    NO MAXVALUE
    CACHE 1
);


--
-- Data for Name: auth_group; Type: TABLE DATA; Schema: public; Owner: postgres
--

COPY public.auth_group (id, name) FROM stdin;
\.


--
-- Data for Name: auth_group_permissions; Type: TABLE DATA; Schema: public; Owner: postgres
--

COPY public.auth_group_permissions (id, group_id, permission_id) FROM stdin;
\.


--
-- Data for Name: auth_permission; Type: TABLE DATA; Schema: public; Owner: postgres
--

COPY public.auth_permission (id, name, content_type_id, codename) FROM stdin;
1	Can add log entry	1	add_logentry
2	Can change log entry	1	change_logentry
3	Can delete log entry	1	delete_logentry
4	Can view log entry	1	view_logentry
5	Can add permission	2	add_permission
6	Can change permission	2	change_permission
7	Can delete permission	2	delete_permission
8	Can view permission	2	view_permission
9	Can add group	3	add_group
10	Can change group	3	change_group
11	Can delete group	3	delete_group
12	Can view group	3	view_group
13	Can add content type	4	add_contenttype
14	Can change content type	4	change_contenttype
15	Can delete content type	4	delete_contenttype
16	Can view content type	4	view_contenttype
17	Can add session	5	add_session
18	Can change session	5	change_session
19	Can delete session	5	delete_session
20	Can view session	5	view_session
21	Can add Currency	6	add_currency
22	Can change Currency	6	change_currency
23	Can delete Currency	6	delete_currency
24	Can view Currency	6	view_currency
25	Can add Block	7	add_block
26	Can change Block	7	change_block
27	Can delete Block	7	delete_block
28	Can view Block	7	view_block
29	Can add Provider	8	add_provider
30	Can change Provider	8	change_provider
31	Can delete Provider	8	delete_provider
32	Can view Provider	8	view_provider
33	Can add User	9	add_user
34	Can change User	9	change_user
35	Can delete User	9	delete_user
36	Can view User	9	view_user
\.


--
-- Data for Name: blocks; Type: TABLE DATA; Schema: public; Owner: postgres
--

COPY public.blocks (id, created_at, updated_at, number, best_block_time, currency_id, provider_id) FROM stdin;
8d9a435f-a320-4e98-b5db-1d62b1312439	2025-02-13 14:04:53.971426+00	2025-02-13 14:04:53.971492+00	883587	2025-02-13 11:59:51+00	77c38a4c-4714-4690-ae9e-d6964e366262	7326cdf1-0186-4117-8330-082b7640e94d
fb3b2ebf-e3fb-4b52-adef-b84b42fcfaf7	2025-02-13 14:04:54.288251+00	2025-02-13 14:04:54.288274+00	21838875	2025-02-13 12:04:35+00	295f437e-9d9a-4fd7-bd37-18ef396c4b6e	7326cdf1-0186-4117-8330-082b7640e94d
d6ff4fa7-97c0-43de-8091-ccb57da292e9	2025-02-12 20:09:00.548765+00	2025-02-12 20:09:00.548845+00	883471	2025-02-12 17:56:52+00	77c38a4c-4714-4690-ae9e-d6964e366262	7326cdf1-0186-4117-8330-082b7640e94d
e3c9a868-036e-4c13-b7b1-5e8ab1b23600	2025-02-12 20:36:01.660971+00	2025-02-12 20:36:01.661051+00	21833664	2025-02-12 18:35:47+00	295f437e-9d9a-4fd7-bd37-18ef396c4b6e	7326cdf1-0186-4117-8330-082b7640e94d
ed08fa9d-6c1d-4334-8fc0-f6db87a31d8e	2025-02-12 20:39:00.734714+00	2025-02-12 20:39:00.734736+00	21833678	2025-02-12 18:38:35+00	295f437e-9d9a-4fd7-bd37-18ef396c4b6e	7326cdf1-0186-4117-8330-082b7640e94d
d96c9bf0-cb3d-4720-868b-f4fa64db2edb	2025-02-12 20:46:00.290714+00	2025-02-12 20:46:00.29073+00	883475	2025-02-12 18:45:44+00	77c38a4c-4714-4690-ae9e-d6964e366262	7326cdf1-0186-4117-8330-082b7640e94d
ddd26d40-e4bf-4501-8eb9-2905dc8c19f2	2025-02-12 20:47:00.57495+00	2025-02-12 20:47:00.574979+00	21833719	2025-02-12 18:46:47+00	295f437e-9d9a-4fd7-bd37-18ef396c4b6e	7326cdf1-0186-4117-8330-082b7640e94d
bacaa150-5b6d-4f0f-9f53-052c380e984a	2025-02-13 09:11:00.534252+00	2025-02-13 09:11:00.534298+00	883554	2025-02-13 07:08:47+00	77c38a4c-4714-4690-ae9e-d6964e366262	7326cdf1-0186-4117-8330-082b7640e94d
fcec9feb-9fa0-4f11-8fa6-27ba5f075dab	2025-02-13 10:20:25.922002+00	2025-02-13 10:20:25.922074+00	883563	2025-02-13 08:17:14+00	77c38a4c-4714-4690-ae9e-d6964e366262	7326cdf1-0186-4117-8330-082b7640e94d
f4ef6d2d-8453-4c93-b1e1-4ea28212b45a	2025-02-13 10:20:26.463615+00	2025-02-13 10:20:26.463656+00	21837761	2025-02-13 08:19:59+00	295f437e-9d9a-4fd7-bd37-18ef396c4b6e	7326cdf1-0186-4117-8330-082b7640e94d
da6dc8b3-8921-476b-868e-04281feb293c	2025-02-13 10:31:00.70732+00	2025-02-13 10:31:00.707343+00	21837814	2025-02-13 08:30:35+00	295f437e-9d9a-4fd7-bd37-18ef396c4b6e	7326cdf1-0186-4117-8330-082b7640e94d
ed4bce0f-e6b6-471f-bc0e-82d5339db283	2025-02-13 12:46:06.425279+00	2025-02-13 12:46:06.425319+00	21838483	2025-02-13 10:45:47+00	295f437e-9d9a-4fd7-bd37-18ef396c4b6e	7326cdf1-0186-4117-8330-082b7640e94d
f5185e03-ed50-4244-aa39-997580e99171	2025-02-13 12:50:00.529072+00	2025-02-13 12:50:00.529115+00	21838502	2025-02-13 10:49:35+00	295f437e-9d9a-4fd7-bd37-18ef396c4b6e	7326cdf1-0186-4117-8330-082b7640e94d
f8387eb5-3dda-443d-a285-907aab1cf6d4	2025-02-13 13:31:00.553182+00	2025-02-13 13:31:00.553232+00	21838706	2025-02-13 11:30:47+00	295f437e-9d9a-4fd7-bd37-18ef396c4b6e	7326cdf1-0186-4117-8330-082b7640e94d
6a1cbff8-feb0-468c-9d50-9e089024c24e	2025-02-13 13:32:00.280408+00	2025-02-13 13:32:00.280439+00	883582	2025-02-13 11:24:54+00	77c38a4c-4714-4690-ae9e-d6964e366262	7326cdf1-0186-4117-8330-082b7640e94d
8049977a-3fa6-42f6-b487-b875f8af21aa	2025-02-13 13:32:00.529896+00	2025-02-13 13:32:00.529919+00	21838711	2025-02-13 11:31:47+00	295f437e-9d9a-4fd7-bd37-18ef396c4b6e	7326cdf1-0186-4117-8330-082b7640e94d
\.


--
-- Data for Name: currencies; Type: TABLE DATA; Schema: public; Owner: postgres
--

COPY public.currencies (id, created_at, updated_at, name) FROM stdin;
77c38a4c-4714-4690-ae9e-d6964e366262	2025-02-11 15:15:18.524232+00	2025-02-11 15:15:18.524279+00	Bitcoin
295f437e-9d9a-4fd7-bd37-18ef396c4b6e	2025-02-11 15:15:24.791088+00	2025-02-11 15:15:24.791112+00	Ethereum
\.


--
-- Data for Name: django_admin_log; Type: TABLE DATA; Schema: public; Owner: postgres
--

COPY public.django_admin_log (id, action_time, object_id, object_repr, action_flag, change_message, content_type_id, user_id) FROM stdin;
1	2025-02-11 13:58:24.411122+00	7326cdf1-0186-4117-8330-082b7640e94d	BlockChair	1	[{"added": {}}]	8	25717b6f-621b-42e6-abb7-9246435f41d4
2	2025-02-11 15:15:18.526159+00	77c38a4c-4714-4690-ae9e-d6964e366262	Bitcoin	1	[{"added": {}}]	6	25717b6f-621b-42e6-abb7-9246435f41d4
3	2025-02-11 15:15:24.79175+00	295f437e-9d9a-4fd7-bd37-18ef396c4b6e	Ethereum	1	[{"added": {}}]	6	25717b6f-621b-42e6-abb7-9246435f41d4
4	2025-02-13 13:31:52.147287+00	d7578992-81e7-4ea9-b14d-611437ec2d29	Ethereum: 21833724	3		7	25717b6f-621b-42e6-abb7-9246435f41d4
5	2025-02-13 13:31:52.147387+00	d558a3a5-646e-4130-9804-edbd99ff047f	Ethereum: 21837780	3		7	25717b6f-621b-42e6-abb7-9246435f41d4
6	2025-02-13 13:31:52.147438+00	d094ccd3-2351-40da-a6c6-6ffd31554738	Ethereum: 21837773	3		7	25717b6f-621b-42e6-abb7-9246435f41d4
7	2025-02-13 13:31:52.147482+00	c40de8fb-34f0-4b8e-8d01-1852fe56608d	Ethereum: 21833607	3		7	25717b6f-621b-42e6-abb7-9246435f41d4
8	2025-02-13 13:31:52.147524+00	c2e87646-f478-43c9-893f-e966066727c1	Ethereum: 21838301	3		7	25717b6f-621b-42e6-abb7-9246435f41d4
9	2025-02-13 13:31:52.147563+00	bb0d347f-e96d-4c0a-811a-918d79ee269d	Ethereum: 21825019	3		7	25717b6f-621b-42e6-abb7-9246435f41d4
10	2025-02-13 13:31:52.147603+00	ba6fb0c1-31e8-4c33-a7e0-745ddda1283c	Ethereum: 21833684	3		7	25717b6f-621b-42e6-abb7-9246435f41d4
11	2025-02-13 13:31:52.147651+00	b6716a8a-89c7-4eeb-9090-cb28393204ff	Ethereum: 21837810	3		7	25717b6f-621b-42e6-abb7-9246435f41d4
12	2025-02-13 13:31:52.147693+00	b4adc242-1d78-4009-99fe-d450c1d7ba10	Ethereum: 21838326	3		7	25717b6f-621b-42e6-abb7-9246435f41d4
13	2025-02-13 13:31:52.147733+00	adf829ee-e7fd-4f4f-8239-d21d38e6e199	Ethereum: 21838335	3		7	25717b6f-621b-42e6-abb7-9246435f41d4
14	2025-02-13 13:31:52.147773+00	ad69e574-d19c-4f28-be85-2b13db6a3f8e	Bitcoin: 883582	3		7	25717b6f-621b-42e6-abb7-9246435f41d4
15	2025-02-13 13:31:52.147811+00	ab7634c9-8143-437c-8560-1839351770f4	Ethereum: 21837789	3		7	25717b6f-621b-42e6-abb7-9246435f41d4
16	2025-02-13 13:31:52.14785+00	ab212ffa-e114-445a-9a76-67a69727f686	Bitcoin: 883565	3		7	25717b6f-621b-42e6-abb7-9246435f41d4
17	2025-02-13 13:31:52.147887+00	9e51de71-e498-4a06-836e-99ff44adf761	Bitcoin: 883476	3		7	25717b6f-621b-42e6-abb7-9246435f41d4
18	2025-02-13 13:31:52.147923+00	9dbdf59a-74a0-44b9-bbea-6ced06fa1c16	Bitcoin: 883555	3		7	25717b6f-621b-42e6-abb7-9246435f41d4
19	2025-02-13 13:31:52.14796+00	9aad88e8-3cb8-4f53-9927-066586d17176	Ethereum: 21824971	3		7	25717b6f-621b-42e6-abb7-9246435f41d4
20	2025-02-13 13:31:52.147996+00	985677cc-ada1-48be-a933-9cb48e62ee4d	Ethereum: 21833689	3		7	25717b6f-621b-42e6-abb7-9246435f41d4
21	2025-02-13 13:31:52.148034+00	91eafd1b-6993-40c5-beae-ecdcc44dfd84	Ethereum: 21824999	3		7	25717b6f-621b-42e6-abb7-9246435f41d4
22	2025-02-13 13:31:52.14807+00	8fb3aa7b-7782-459c-b066-7eb91e0c1400	Ethereum: 21838701	3		7	25717b6f-621b-42e6-abb7-9246435f41d4
23	2025-02-13 13:31:52.148106+00	8f4a265d-5df5-43d5-831e-48f24e8fd465	Bitcoin: 883578	3		7	25717b6f-621b-42e6-abb7-9246435f41d4
24	2025-02-13 13:31:52.148142+00	8ea7d312-2cf8-4c3e-8e7c-bcaa2e652677	Ethereum: 21825000	3		7	25717b6f-621b-42e6-abb7-9246435f41d4
25	2025-02-13 13:31:52.148179+00	886a313e-2889-4d81-8b60-c54e5811dd57	Ethereum: 21825015	3		7	25717b6f-621b-42e6-abb7-9246435f41d4
26	2025-02-13 13:31:52.148216+00	8488b7a6-cbf9-4354-9cbd-487ded778bfb	Ethereum: 21837819	3		7	25717b6f-621b-42e6-abb7-9246435f41d4
27	2025-02-13 13:31:52.148252+00	7f3c66be-abda-43b4-a222-901521448e5f	Ethereum: 21838306	3		7	25717b6f-621b-42e6-abb7-9246435f41d4
28	2025-02-13 13:31:52.148288+00	7c87ebc6-2a87-4331-93fa-9857ca4b936d	Ethereum: 21838341	3		7	25717b6f-621b-42e6-abb7-9246435f41d4
29	2025-02-13 13:31:52.148328+00	7129c85f-5cf8-4731-bc5a-5946665d5e05	Ethereum: 21837427	3		7	25717b6f-621b-42e6-abb7-9246435f41d4
30	2025-02-13 13:31:52.148364+00	6cfaef9b-0d95-4226-8b3b-132afa65f56f	Ethereum: 21833573	3		7	25717b6f-621b-42e6-abb7-9246435f41d4
31	2025-02-13 13:31:52.148399+00	62e26d54-c5f8-4837-ae68-311f51425f8c	Ethereum: 21833750	3		7	25717b6f-621b-42e6-abb7-9246435f41d4
32	2025-02-13 13:31:52.148435+00	6141b363-f5d9-47c3-8008-3bda63dbd2d1	Bitcoin: 883474	3		7	25717b6f-621b-42e6-abb7-9246435f41d4
33	2025-02-13 13:31:52.14847+00	60c7fd14-09aa-4143-8da5-e68a0d74167b	Ethereum: 21833714	3		7	25717b6f-621b-42e6-abb7-9246435f41d4
34	2025-02-13 13:31:52.148506+00	5d842451-d777-4535-965e-0d05e2be4731	Ethereum: 21838487	3		7	25717b6f-621b-42e6-abb7-9246435f41d4
35	2025-02-13 13:31:52.148544+00	5d6ef346-c26c-4004-98da-b1089b57d0c0	Ethereum: 21838493	3		7	25717b6f-621b-42e6-abb7-9246435f41d4
36	2025-02-13 13:31:52.148581+00	5c15c9c1-1f91-4615-859d-acb5e7a08713	Bitcoin: 883320	3		7	25717b6f-621b-42e6-abb7-9246435f41d4
37	2025-02-13 13:31:52.148618+00	5b34d82b-ff74-4f86-b0c9-8edb2fa7d279	Ethereum: 21838296	3		7	25717b6f-621b-42e6-abb7-9246435f41d4
38	2025-02-13 13:31:52.148662+00	597e3439-95b0-46a6-8794-7083dee41684	Ethereum: 21824951	3		7	25717b6f-621b-42e6-abb7-9246435f41d4
39	2025-02-13 13:31:52.148703+00	504fb939-3e94-47d5-8843-1fa44afaa7a6	Ethereum: 21837416	3		7	25717b6f-621b-42e6-abb7-9246435f41d4
40	2025-02-13 13:31:52.148739+00	4ec6b0ee-ec58-4054-b51f-7d593876da3a	Ethereum: 21837794	3		7	25717b6f-621b-42e6-abb7-9246435f41d4
41	2025-02-13 13:31:52.148776+00	49dda8c4-f2f2-4fd8-a276-93d819e2da3d	Bitcoin: 883564	3		7	25717b6f-621b-42e6-abb7-9246435f41d4
42	2025-02-13 13:31:52.148812+00	4742b6b6-e317-4fcb-8322-cb50d56c70f3	Ethereum: 21837774	3		7	25717b6f-621b-42e6-abb7-9246435f41d4
43	2025-02-13 13:31:52.148848+00	473527b5-1f55-4120-8c4f-6a8a1efb6360	Ethereum: 21838331	3		7	25717b6f-621b-42e6-abb7-9246435f41d4
44	2025-02-13 13:31:52.148884+00	40eb6896-9822-4d08-870e-bc3551a852c2	Ethereum: 21838320	3		7	25717b6f-621b-42e6-abb7-9246435f41d4
45	2025-02-13 13:31:52.148921+00	40b15717-d22e-4685-b080-31d511721167	Ethereum: 21833693	3		7	25717b6f-621b-42e6-abb7-9246435f41d4
46	2025-02-13 13:31:52.148957+00	40b00aa7-168e-4996-b69b-462dac9b5f0f	Bitcoin: 883473	3		7	25717b6f-621b-42e6-abb7-9246435f41d4
47	2025-02-13 13:31:52.148992+00	32edd82b-3e74-4e54-a14c-09095592bb18	Ethereum: 21833624	3		7	25717b6f-621b-42e6-abb7-9246435f41d4
48	2025-02-13 13:31:52.149028+00	30d0900e-d6e8-4efa-bf87-da506f5b6428	Ethereum: 21833703	3		7	25717b6f-621b-42e6-abb7-9246435f41d4
49	2025-02-13 13:31:52.149064+00	2f0b27dd-0085-4bcc-af1b-1fa6f4de2453	Ethereum: 21837804	3		7	25717b6f-621b-42e6-abb7-9246435f41d4
50	2025-02-13 13:31:52.149099+00	28ed238c-0fae-4c5e-aea8-21f281191595	Ethereum: 21838292	3		7	25717b6f-621b-42e6-abb7-9246435f41d4
51	2025-02-13 13:31:52.149135+00	28e8221d-1f98-47ae-9cd8-952f832d76f9	Ethereum: 21824967	3		7	25717b6f-621b-42e6-abb7-9246435f41d4
52	2025-02-13 13:31:52.14917+00	2708f52e-7c15-4eb9-80d8-2c4550290ff9	Ethereum: 21824975	3		7	25717b6f-621b-42e6-abb7-9246435f41d4
53	2025-02-13 13:31:52.149207+00	2581bde4-15b3-4838-85af-1d542e9ffd9a	Ethereum: 21837800	3		7	25717b6f-621b-42e6-abb7-9246435f41d4
54	2025-02-13 13:31:52.149244+00	2029b986-840b-431b-8a6d-06722f190fad	Ethereum: 21837769	3		7	25717b6f-621b-42e6-abb7-9246435f41d4
55	2025-02-13 13:31:52.14928+00	1f299518-ec3e-4749-9bdb-b782dd365420	Ethereum: 21838346	3		7	25717b6f-621b-42e6-abb7-9246435f41d4
56	2025-02-13 13:31:52.149315+00	1e495196-40da-4f34-a645-e18317f8b2ff	Ethereum: 21825009	3		7	25717b6f-621b-42e6-abb7-9246435f41d4
57	2025-02-13 13:31:52.149356+00	1b1f615d-dc19-4ae7-8511-f81562e292da	Ethereum: 21833530	3		7	25717b6f-621b-42e6-abb7-9246435f41d4
58	2025-02-13 13:31:52.149399+00	1a4850c5-7709-4f52-8060-8d39ed55475f	Ethereum: 21838498	3		7	25717b6f-621b-42e6-abb7-9246435f41d4
59	2025-02-13 13:31:52.149452+00	16988fc2-d864-4db1-a3b2-7434e568affb	Ethereum: 21833753	3		7	25717b6f-621b-42e6-abb7-9246435f41d4
60	2025-02-13 13:31:52.149503+00	156f9978-4127-409b-b3fa-d12b644bd60a	Ethereum: 21838315	3		7	25717b6f-621b-42e6-abb7-9246435f41d4
61	2025-02-13 13:31:52.149549+00	15600d97-861f-4c8e-b232-9e02ff6186dc	Ethereum: 21833698	3		7	25717b6f-621b-42e6-abb7-9246435f41d4
62	2025-02-13 13:31:52.149599+00	128dc131-b4c5-4120-bd9c-d54246af4e9a	Ethereum: 21833615	3		7	25717b6f-621b-42e6-abb7-9246435f41d4
63	2025-02-13 13:31:52.149645+00	117adcfc-6122-46f3-a306-3d703228d258	Ethereum: 21833608	3		7	25717b6f-621b-42e6-abb7-9246435f41d4
64	2025-02-13 13:31:52.149681+00	0f39d7fd-9671-493c-a910-a0a31811c637	Ethereum: 21825004	3		7	25717b6f-621b-42e6-abb7-9246435f41d4
65	2025-02-13 13:31:52.149717+00	0dfc59a6-6449-497f-aba7-34d3fc01b22f	Ethereum: 21833708	3		7	25717b6f-621b-42e6-abb7-9246435f41d4
66	2025-02-13 13:31:52.149756+00	0cf3670c-0859-47af-bdd2-8797d945a538	Ethereum: 21837422	3		7	25717b6f-621b-42e6-abb7-9246435f41d4
67	2025-02-13 13:31:52.149792+00	09ecee8e-de21-45f1-8a49-47cb7c260acf	Ethereum: 21838289	3		7	25717b6f-621b-42e6-abb7-9246435f41d4
68	2025-02-13 13:31:52.149831+00	09bcfddc-f1cb-490e-b7d8-34af68b1f5d6	Ethereum: 21833618	3		7	25717b6f-621b-42e6-abb7-9246435f41d4
69	2025-02-13 13:31:52.149867+00	090e9afe-ffd3-41cb-83e3-e4158d227fb9	Ethereum: 21838311	3		7	25717b6f-621b-42e6-abb7-9246435f41d4
70	2025-02-13 13:31:52.149901+00	06fa5479-96b4-405f-bc17-ca1d63c60837	Ethereum: 21837784	3		7	25717b6f-621b-42e6-abb7-9246435f41d4
71	2025-02-13 13:31:52.149937+00	00e2b16f-c298-4583-b02e-973343bb66a6	Bitcoin: 883575	3		7	25717b6f-621b-42e6-abb7-9246435f41d4
72	2025-02-13 13:31:52.149972+00	00d82852-af30-4062-bb07-c48edccb0953	Ethereum: 21833673	3		7	25717b6f-621b-42e6-abb7-9246435f41d4
73	2025-02-13 13:31:52.150008+00	003c9247-aa53-4f2b-bda3-bfa1bff8c860	Ethereum: 21837825	3		7	25717b6f-621b-42e6-abb7-9246435f41d4
\.


--
-- Data for Name: django_content_type; Type: TABLE DATA; Schema: public; Owner: postgres
--

COPY public.django_content_type (id, app_label, model) FROM stdin;
1	admin	logentry
2	auth	permission
3	auth	group
4	contenttypes	contenttype
5	sessions	session
6	common	currency
7	blocks	block
8	providers	provider
9	users	user
\.


--
-- Data for Name: django_migrations; Type: TABLE DATA; Schema: public; Owner: postgres
--

COPY public.django_migrations (id, app, name, applied) FROM stdin;
1	contenttypes	0001_initial	2025-02-11 13:12:17.624248+00
2	contenttypes	0002_remove_content_type_name	2025-02-11 13:12:17.630366+00
3	auth	0001_initial	2025-02-11 13:12:17.655607+00
4	auth	0002_alter_permission_name_max_length	2025-02-11 13:12:17.659772+00
5	auth	0003_alter_user_email_max_length	2025-02-11 13:12:17.664612+00
6	auth	0004_alter_user_username_opts	2025-02-11 13:12:17.669518+00
7	auth	0005_alter_user_last_login_null	2025-02-11 13:12:17.674134+00
8	auth	0006_require_contenttypes_0002	2025-02-11 13:12:17.675356+00
9	auth	0007_alter_validators_add_error_messages	2025-02-11 13:12:17.679899+00
10	auth	0008_alter_user_username_max_length	2025-02-11 13:12:17.684406+00
11	auth	0009_alter_user_last_name_max_length	2025-02-11 13:12:17.690244+00
12	auth	0010_alter_group_name_max_length	2025-02-11 13:12:17.695352+00
13	auth	0011_update_proxy_permissions	2025-02-11 13:12:17.699925+00
14	auth	0012_alter_user_first_name_max_length	2025-02-11 13:12:17.704467+00
15	users	0001_initial	2025-02-11 13:12:17.731731+00
16	admin	0001_initial	2025-02-11 13:12:17.747054+00
17	admin	0002_logentry_remove_auto_add	2025-02-11 13:12:17.753461+00
18	admin	0003_logentry_add_action_flag_choices	2025-02-11 13:12:17.760217+00
19	providers	0001_initial	2025-02-11 13:12:17.769223+00
20	common	0001_initial	2025-02-11 13:12:17.776861+00
21	blocks	0001_initial	2025-02-11 13:12:17.789212+00
22	sessions	0001_initial	2025-02-11 13:12:17.79579+00
23	blocks	0002_alter_block_number_alter_block_unique_together	2025-02-11 15:26:45.231982+00
\.


--
-- Data for Name: django_session; Type: TABLE DATA; Schema: public; Owner: postgres
--

COPY public.django_session (session_key, session_data, expire_date) FROM stdin;
vg0b0il0mqe0ogfsift3d6zpva0lkxl3	.eJxVzDsOwjAQRdG9uMZW7BmPbcr0rCHy-EMCKJHyqRB7J5FSQP3OfW_RxW3tu20pczdkcRXGOu2YqiSjWaIpJCOzk8EgIdiKOqO4_GYc07OMR5sfcbxPKk3jOg-sDqLOdVG3KZdXe9q_gz4u_V4HFy362thYiYIDC5Q8ecvAhDpB4dwYasBwyOBT3QFCqpYqe89M4vMFcZJACg:1tiYei:V0Hc-bot_BFvjLZJ5uiIv7D7GnAB_CrJLYwpYch-WnI	2025-02-27 12:49:24.157584+00
91ms6ew912pbgwp5anaax2tuxrdhr9iz	.eJxVzDsOwjAQRdG9uMZW7BmPbcr0rCHy-EMCKJHyqRB7J5FSQP3OfW_RxW3tu20pczdkcRXGOu2YqiSjWaIpJCOzk8EgIdiKOqO4_GYc07OMR5sfcbxPKk3jOg-sDqLOdVG3KZdXe9q_gz4u_V4HFy362thYiYIDC5Q8ecvAhDpB4dwYasBwyOBT3QFCqpYqe89M4vMFcZJACg:1tiZKK:nGxNZCe1dQnFQZcS9jTJfXBnFaVj6V8GqkePIUvQ-I4	2025-02-27 13:32:24.193737+00
\.


--
-- Data for Name: providers; Type: TABLE DATA; Schema: public; Owner: postgres
--

COPY public.providers (id, created_at, updated_at, name) FROM stdin;
7326cdf1-0186-4117-8330-082b7640e94d	2025-02-11 13:58:24.409275+00	2025-02-11 13:58:24.409315+00	BlockChair
\.


--
-- Data for Name: users; Type: TABLE DATA; Schema: public; Owner: postgres
--

COPY public.users (password, last_login, is_superuser, username, first_name, last_name, email, is_staff, is_active, date_joined, id, created_at, updated_at) FROM stdin;
pbkdf2_sha256$870000$5tty2SBgpBQ6koBUiks4PT$OIuTYYyFHkidkYUUIPlK/Kg1pvHmN3ZCY1zf2QRo8Xw=	\N	f	test				f	t	2025-02-12 20:42:30.225603+00	5fa9588e-ec52-4b2a-8e0f-d69ecf162a2d	2025-02-12 20:42:30.225975+00	2025-02-12 20:42:30.225983+00
pbkdf2_sha256$870000$fKi7IXIa0DR5wVtTG8uWnK$Ov1FgGA2Vs97rH/39XiVy+QAK+9R1vksz8FvmkPL4Z0=	2025-02-13 13:32:24.191144+00	t	admin			admin@gmail.com	t	t	2025-02-11 13:57:11.232402+00	25717b6f-621b-42e6-abb7-9246435f41d4	2025-02-11 13:57:11.587427+00	2025-02-11 13:57:11.587438+00
\.


--
-- Data for Name: users_groups; Type: TABLE DATA; Schema: public; Owner: postgres
--

COPY public.users_groups (id, user_id, group_id) FROM stdin;
\.


--
-- Data for Name: users_user_permissions; Type: TABLE DATA; Schema: public; Owner: postgres
--

COPY public.users_user_permissions (id, user_id, permission_id) FROM stdin;
\.


--
-- Name: auth_group_id_seq; Type: SEQUENCE SET; Schema: public; Owner: postgres
--

SELECT pg_catalog.setval('public.auth_group_id_seq', 1, false);


--
-- Name: auth_group_permissions_id_seq; Type: SEQUENCE SET; Schema: public; Owner: postgres
--

SELECT pg_catalog.setval('public.auth_group_permissions_id_seq', 1, false);


--
-- Name: auth_permission_id_seq; Type: SEQUENCE SET; Schema: public; Owner: postgres
--

SELECT pg_catalog.setval('public.auth_permission_id_seq', 36, true);


--
-- Name: django_admin_log_id_seq; Type: SEQUENCE SET; Schema: public; Owner: postgres
--

SELECT pg_catalog.setval('public.django_admin_log_id_seq', 73, true);


--
-- Name: django_content_type_id_seq; Type: SEQUENCE SET; Schema: public; Owner: postgres
--

SELECT pg_catalog.setval('public.django_content_type_id_seq', 9, true);


--
-- Name: django_migrations_id_seq; Type: SEQUENCE SET; Schema: public; Owner: postgres
--

SELECT pg_catalog.setval('public.django_migrations_id_seq', 23, true);


--
-- Name: users_groups_id_seq; Type: SEQUENCE SET; Schema: public; Owner: postgres
--

SELECT pg_catalog.setval('public.users_groups_id_seq', 1, false);


--
-- Name: users_user_permissions_id_seq; Type: SEQUENCE SET; Schema: public; Owner: postgres
--

SELECT pg_catalog.setval('public.users_user_permissions_id_seq', 1, false);


--
-- Name: auth_group auth_group_name_key; Type: CONSTRAINT; Schema: public; Owner: postgres
--

ALTER TABLE ONLY public.auth_group
    ADD CONSTRAINT auth_group_name_key UNIQUE (name);


--
-- Name: auth_group_permissions auth_group_permissions_group_id_permission_id_0cd325b0_uniq; Type: CONSTRAINT; Schema: public; Owner: postgres
--

ALTER TABLE ONLY public.auth_group_permissions
    ADD CONSTRAINT auth_group_permissions_group_id_permission_id_0cd325b0_uniq UNIQUE (group_id, permission_id);


--
-- Name: auth_group_permissions auth_group_permissions_pkey; Type: CONSTRAINT; Schema: public; Owner: postgres
--

ALTER TABLE ONLY public.auth_group_permissions
    ADD CONSTRAINT auth_group_permissions_pkey PRIMARY KEY (id);


--
-- Name: auth_group auth_group_pkey; Type: CONSTRAINT; Schema: public; Owner: postgres
--

ALTER TABLE ONLY public.auth_group
    ADD CONSTRAINT auth_group_pkey PRIMARY KEY (id);


--
-- Name: auth_permission auth_permission_content_type_id_codename_01ab375a_uniq; Type: CONSTRAINT; Schema: public; Owner: postgres
--

ALTER TABLE ONLY public.auth_permission
    ADD CONSTRAINT auth_permission_content_type_id_codename_01ab375a_uniq UNIQUE (content_type_id, codename);


--
-- Name: auth_permission auth_permission_pkey; Type: CONSTRAINT; Schema: public; Owner: postgres
--

ALTER TABLE ONLY public.auth_permission
    ADD CONSTRAINT auth_permission_pkey PRIMARY KEY (id);


--
-- Name: blocks blocks_currency_id_number_77b25d8a_uniq; Type: CONSTRAINT; Schema: public; Owner: postgres
--

ALTER TABLE ONLY public.blocks
    ADD CONSTRAINT blocks_currency_id_number_77b25d8a_uniq UNIQUE (currency_id, number);


--
-- Name: blocks blocks_pkey; Type: CONSTRAINT; Schema: public; Owner: postgres
--

ALTER TABLE ONLY public.blocks
    ADD CONSTRAINT blocks_pkey PRIMARY KEY (id);


--
-- Name: currencies currencies_name_key; Type: CONSTRAINT; Schema: public; Owner: postgres
--

ALTER TABLE ONLY public.currencies
    ADD CONSTRAINT currencies_name_key UNIQUE (name);


--
-- Name: currencies currencies_pkey; Type: CONSTRAINT; Schema: public; Owner: postgres
--

ALTER TABLE ONLY public.currencies
    ADD CONSTRAINT currencies_pkey PRIMARY KEY (id);


--
-- Name: django_admin_log django_admin_log_pkey; Type: CONSTRAINT; Schema: public; Owner: postgres
--

ALTER TABLE ONLY public.django_admin_log
    ADD CONSTRAINT django_admin_log_pkey PRIMARY KEY (id);


--
-- Name: django_content_type django_content_type_app_label_model_76bd3d3b_uniq; Type: CONSTRAINT; Schema: public; Owner: postgres
--

ALTER TABLE ONLY public.django_content_type
    ADD CONSTRAINT django_content_type_app_label_model_76bd3d3b_uniq UNIQUE (app_label, model);


--
-- Name: django_content_type django_content_type_pkey; Type: CONSTRAINT; Schema: public; Owner: postgres
--

ALTER TABLE ONLY public.django_content_type
    ADD CONSTRAINT django_content_type_pkey PRIMARY KEY (id);


--
-- Name: django_migrations django_migrations_pkey; Type: CONSTRAINT; Schema: public; Owner: postgres
--

ALTER TABLE ONLY public.django_migrations
    ADD CONSTRAINT django_migrations_pkey PRIMARY KEY (id);


--
-- Name: django_session django_session_pkey; Type: CONSTRAINT; Schema: public; Owner: postgres
--

ALTER TABLE ONLY public.django_session
    ADD CONSTRAINT django_session_pkey PRIMARY KEY (session_key);


--
-- Name: providers providers_name_key; Type: CONSTRAINT; Schema: public; Owner: postgres
--

ALTER TABLE ONLY public.providers
    ADD CONSTRAINT providers_name_key UNIQUE (name);


--
-- Name: providers providers_pkey; Type: CONSTRAINT; Schema: public; Owner: postgres
--

ALTER TABLE ONLY public.providers
    ADD CONSTRAINT providers_pkey PRIMARY KEY (id);


--
-- Name: users_groups users_groups_pkey; Type: CONSTRAINT; Schema: public; Owner: postgres
--

ALTER TABLE ONLY public.users_groups
    ADD CONSTRAINT users_groups_pkey PRIMARY KEY (id);


--
-- Name: users_groups users_groups_user_id_group_id_fc7788e8_uniq; Type: CONSTRAINT; Schema: public; Owner: postgres
--

ALTER TABLE ONLY public.users_groups
    ADD CONSTRAINT users_groups_user_id_group_id_fc7788e8_uniq UNIQUE (user_id, group_id);


--
-- Name: users users_pkey; Type: CONSTRAINT; Schema: public; Owner: postgres
--

ALTER TABLE ONLY public.users
    ADD CONSTRAINT users_pkey PRIMARY KEY (id);


--
-- Name: users_user_permissions users_user_permissions_pkey; Type: CONSTRAINT; Schema: public; Owner: postgres
--

ALTER TABLE ONLY public.users_user_permissions
    ADD CONSTRAINT users_user_permissions_pkey PRIMARY KEY (id);


--
-- Name: users_user_permissions users_user_permissions_user_id_permission_id_3b86cbdf_uniq; Type: CONSTRAINT; Schema: public; Owner: postgres
--

ALTER TABLE ONLY public.users_user_permissions
    ADD CONSTRAINT users_user_permissions_user_id_permission_id_3b86cbdf_uniq UNIQUE (user_id, permission_id);


--
-- Name: users users_username_key; Type: CONSTRAINT; Schema: public; Owner: postgres
--

ALTER TABLE ONLY public.users
    ADD CONSTRAINT users_username_key UNIQUE (username);


--
-- Name: auth_group_name_a6ea08ec_like; Type: INDEX; Schema: public; Owner: postgres
--

CREATE INDEX auth_group_name_a6ea08ec_like ON public.auth_group USING btree (name varchar_pattern_ops);


--
-- Name: auth_group_permissions_group_id_b120cbf9; Type: INDEX; Schema: public; Owner: postgres
--

CREATE INDEX auth_group_permissions_group_id_b120cbf9 ON public.auth_group_permissions USING btree (group_id);


--
-- Name: auth_group_permissions_permission_id_84c5c92e; Type: INDEX; Schema: public; Owner: postgres
--

CREATE INDEX auth_group_permissions_permission_id_84c5c92e ON public.auth_group_permissions USING btree (permission_id);


--
-- Name: auth_permission_content_type_id_2f476e4b; Type: INDEX; Schema: public; Owner: postgres
--

CREATE INDEX auth_permission_content_type_id_2f476e4b ON public.auth_permission USING btree (content_type_id);


--
-- Name: blocks_created_at_baaa945a; Type: INDEX; Schema: public; Owner: postgres
--

CREATE INDEX blocks_created_at_baaa945a ON public.blocks USING btree (created_at);


--
-- Name: blocks_currency_id_e353b437; Type: INDEX; Schema: public; Owner: postgres
--

CREATE INDEX blocks_currency_id_e353b437 ON public.blocks USING btree (currency_id);


--
-- Name: blocks_provider_id_41682cdb; Type: INDEX; Schema: public; Owner: postgres
--

CREATE INDEX blocks_provider_id_41682cdb ON public.blocks USING btree (provider_id);


--
-- Name: blocks_updated_at_830dcf59; Type: INDEX; Schema: public; Owner: postgres
--

CREATE INDEX blocks_updated_at_830dcf59 ON public.blocks USING btree (updated_at);


--
-- Name: currencies_created_at_4b42f554; Type: INDEX; Schema: public; Owner: postgres
--

CREATE INDEX currencies_created_at_4b42f554 ON public.currencies USING btree (created_at);


--
-- Name: currencies_name_9f07c83c_like; Type: INDEX; Schema: public; Owner: postgres
--

CREATE INDEX currencies_name_9f07c83c_like ON public.currencies USING btree (name varchar_pattern_ops);


--
-- Name: currencies_updated_at_0084feb9; Type: INDEX; Schema: public; Owner: postgres
--

CREATE INDEX currencies_updated_at_0084feb9 ON public.currencies USING btree (updated_at);


--
-- Name: django_admin_log_content_type_id_c4bce8eb; Type: INDEX; Schema: public; Owner: postgres
--

CREATE INDEX django_admin_log_content_type_id_c4bce8eb ON public.django_admin_log USING btree (content_type_id);


--
-- Name: django_admin_log_user_id_c564eba6; Type: INDEX; Schema: public; Owner: postgres
--

CREATE INDEX django_admin_log_user_id_c564eba6 ON public.django_admin_log USING btree (user_id);


--
-- Name: django_session_expire_date_a5c62663; Type: INDEX; Schema: public; Owner: postgres
--

CREATE INDEX django_session_expire_date_a5c62663 ON public.django_session USING btree (expire_date);


--
-- Name: django_session_session_key_c0390e0f_like; Type: INDEX; Schema: public; Owner: postgres
--

CREATE INDEX django_session_session_key_c0390e0f_like ON public.django_session USING btree (session_key varchar_pattern_ops);


--
-- Name: providers_created_at_d2d47b54; Type: INDEX; Schema: public; Owner: postgres
--

CREATE INDEX providers_created_at_d2d47b54 ON public.providers USING btree (created_at);


--
-- Name: providers_name_fc4e5258_like; Type: INDEX; Schema: public; Owner: postgres
--

CREATE INDEX providers_name_fc4e5258_like ON public.providers USING btree (name varchar_pattern_ops);


--
-- Name: providers_updated_at_13933950; Type: INDEX; Schema: public; Owner: postgres
--

CREATE INDEX providers_updated_at_13933950 ON public.providers USING btree (updated_at);


--
-- Name: users_created_at_4d680f01; Type: INDEX; Schema: public; Owner: postgres
--

CREATE INDEX users_created_at_4d680f01 ON public.users USING btree (created_at);


--
-- Name: users_groups_group_id_2f3517aa; Type: INDEX; Schema: public; Owner: postgres
--

CREATE INDEX users_groups_group_id_2f3517aa ON public.users_groups USING btree (group_id);


--
-- Name: users_groups_user_id_f500bee5; Type: INDEX; Schema: public; Owner: postgres
--

CREATE INDEX users_groups_user_id_f500bee5 ON public.users_groups USING btree (user_id);


--
-- Name: users_updated_at_4dac2492; Type: INDEX; Schema: public; Owner: postgres
--

CREATE INDEX users_updated_at_4dac2492 ON public.users USING btree (updated_at);


--
-- Name: users_user_permissions_permission_id_6d08dcd2; Type: INDEX; Schema: public; Owner: postgres
--

CREATE INDEX users_user_permissions_permission_id_6d08dcd2 ON public.users_user_permissions USING btree (permission_id);


--
-- Name: users_user_permissions_user_id_92473840; Type: INDEX; Schema: public; Owner: postgres
--

CREATE INDEX users_user_permissions_user_id_92473840 ON public.users_user_permissions USING btree (user_id);


--
-- Name: users_username_e8658fc8_like; Type: INDEX; Schema: public; Owner: postgres
--

CREATE INDEX users_username_e8658fc8_like ON public.users USING btree (username varchar_pattern_ops);


--
-- Name: auth_group_permissions auth_group_permissio_permission_id_84c5c92e_fk_auth_perm; Type: FK CONSTRAINT; Schema: public; Owner: postgres
--

ALTER TABLE ONLY public.auth_group_permissions
    ADD CONSTRAINT auth_group_permissio_permission_id_84c5c92e_fk_auth_perm FOREIGN KEY (permission_id) REFERENCES public.auth_permission(id) DEFERRABLE INITIALLY DEFERRED;


--
-- Name: auth_group_permissions auth_group_permissions_group_id_b120cbf9_fk_auth_group_id; Type: FK CONSTRAINT; Schema: public; Owner: postgres
--

ALTER TABLE ONLY public.auth_group_permissions
    ADD CONSTRAINT auth_group_permissions_group_id_b120cbf9_fk_auth_group_id FOREIGN KEY (group_id) REFERENCES public.auth_group(id) DEFERRABLE INITIALLY DEFERRED;


--
-- Name: auth_permission auth_permission_content_type_id_2f476e4b_fk_django_co; Type: FK CONSTRAINT; Schema: public; Owner: postgres
--

ALTER TABLE ONLY public.auth_permission
    ADD CONSTRAINT auth_permission_content_type_id_2f476e4b_fk_django_co FOREIGN KEY (content_type_id) REFERENCES public.django_content_type(id) DEFERRABLE INITIALLY DEFERRED;


--
-- Name: blocks blocks_currency_id_e353b437_fk_currencies_id; Type: FK CONSTRAINT; Schema: public; Owner: postgres
--

ALTER TABLE ONLY public.blocks
    ADD CONSTRAINT blocks_currency_id_e353b437_fk_currencies_id FOREIGN KEY (currency_id) REFERENCES public.currencies(id) DEFERRABLE INITIALLY DEFERRED;


--
-- Name: blocks blocks_provider_id_41682cdb_fk_providers_id; Type: FK CONSTRAINT; Schema: public; Owner: postgres
--

ALTER TABLE ONLY public.blocks
    ADD CONSTRAINT blocks_provider_id_41682cdb_fk_providers_id FOREIGN KEY (provider_id) REFERENCES public.providers(id) DEFERRABLE INITIALLY DEFERRED;


--
-- Name: django_admin_log django_admin_log_content_type_id_c4bce8eb_fk_django_co; Type: FK CONSTRAINT; Schema: public; Owner: postgres
--

ALTER TABLE ONLY public.django_admin_log
    ADD CONSTRAINT django_admin_log_content_type_id_c4bce8eb_fk_django_co FOREIGN KEY (content_type_id) REFERENCES public.django_content_type(id) DEFERRABLE INITIALLY DEFERRED;


--
-- Name: django_admin_log django_admin_log_user_id_c564eba6_fk_users_id; Type: FK CONSTRAINT; Schema: public; Owner: postgres
--

ALTER TABLE ONLY public.django_admin_log
    ADD CONSTRAINT django_admin_log_user_id_c564eba6_fk_users_id FOREIGN KEY (user_id) REFERENCES public.users(id) DEFERRABLE INITIALLY DEFERRED;


--
-- Name: users_groups users_groups_group_id_2f3517aa_fk_auth_group_id; Type: FK CONSTRAINT; Schema: public; Owner: postgres
--

ALTER TABLE ONLY public.users_groups
    ADD CONSTRAINT users_groups_group_id_2f3517aa_fk_auth_group_id FOREIGN KEY (group_id) REFERENCES public.auth_group(id) DEFERRABLE INITIALLY DEFERRED;


--
-- Name: users_groups users_groups_user_id_f500bee5_fk_users_id; Type: FK CONSTRAINT; Schema: public; Owner: postgres
--

ALTER TABLE ONLY public.users_groups
    ADD CONSTRAINT users_groups_user_id_f500bee5_fk_users_id FOREIGN KEY (user_id) REFERENCES public.users(id) DEFERRABLE INITIALLY DEFERRED;


--
-- Name: users_user_permissions users_user_permissio_permission_id_6d08dcd2_fk_auth_perm; Type: FK CONSTRAINT; Schema: public; Owner: postgres
--

ALTER TABLE ONLY public.users_user_permissions
    ADD CONSTRAINT users_user_permissio_permission_id_6d08dcd2_fk_auth_perm FOREIGN KEY (permission_id) REFERENCES public.auth_permission(id) DEFERRABLE INITIALLY DEFERRED;


--
-- Name: users_user_permissions users_user_permissions_user_id_92473840_fk_users_id; Type: FK CONSTRAINT; Schema: public; Owner: postgres
--

ALTER TABLE ONLY public.users_user_permissions
    ADD CONSTRAINT users_user_permissions_user_id_92473840_fk_users_id FOREIGN KEY (user_id) REFERENCES public.users(id) DEFERRABLE INITIALLY DEFERRED;


--
-- PostgreSQL database dump complete
--

